{
  "welch_2048": {
    "train_time_s": 125.05152439999802,
    "kernel_params": {
      "ell_short_hz": 3999999.9999999986,
      "ell_long_hz": 44000000.00000003,
      "a1": 0.0010000000490686227,
      "a2": 999.9999182753077,
      "sigma_eps": 4.503301134800356e-16
    },
    "R_results": {
      "8": {
        "best_params": {
          "quiet_frac": 0.35,
          "c_eps": 0.8,
          "sigma_eps": 3.6026409078402846e-16,
          "pi0": 0.95,
          "p_fa_bin": 0.0003
        },
        "best_score": -12.07589717705243,
        "val_metrics": {
          "f1": 0.22097114707952142,
          "precision": 1.0,
          "recall": 0.12420886075949367,
          "mae_center_hz": 4676244.028662421,
          "mae_bw_hz": 8094165.396474828,
          "avg_n_true": 16.85333333333333,
          "avg_n_pred": 2.0933333333333333
        },
        "tune_time_s": 335.695911099996
      },
      "12": {
        "best_params": {
          "quiet_frac": 0.35,
          "c_eps": 1.0,
          "sigma_eps": 4.503301134800356e-16,
          "pi0": 0.98,
          "p_fa_bin": 0.0003
        },
        "best_score": -9.347643673224168,
        "val_metrics": {
          "f1": 0.3065595716198126,
          "precision": 0.9956521739130435,
          "recall": 0.18117088607594936,
          "mae_center_hz": 4397792.712882096,
          "mae_bw_hz": 5249185.626396181,
          "avg_n_true": 16.85333333333333,
          "avg_n_pred": 3.066666666666667
        },
        "tune_time_s": 439.89463969999633
      },
      "16": {
        "best_params": {
          "quiet_frac": 0.35,
          "c_eps": 1.0,
          "sigma_eps": 4.503301134800356e-16,
          "pi0": 0.98,
          "p_fa_bin": 0.0003
        },
        "best_score": -6.996818549233531,
        "val_metrics": {
          "f1": 0.39039797852179403,
          "precision": 0.9686520376175548,
          "recall": 0.2444620253164557,
          "mae_center_hz": 3835390.1193365697,
          "mae_bw_hz": 3684397.1188002233,
          "avg_n_true": 16.85333333333333,
          "avg_n_pred": 4.253333333333333
        },
        "tune_time_s": 876.3537250000008
      },
      "24": {
        "best_params": {
          "quiet_frac": 0.35,
          "c_eps": 0.6,
          "sigma_eps": 2.7019806808802134e-16,
          "pi0": 0.9,
          "p_fa_bin": 0.0003
        },
        "best_score": -2.845604800064958,
        "val_metrics": {
          "f1": 0.5360940123111361,
          "precision": 0.9158699808795411,
          "recall": 0.37895569620253167,
          "mae_center_hz": 3354029.39065762,
          "mae_bw_hz": 2152501.3420979744,
          "avg_n_true": 16.85333333333333,
          "avg_n_pred": 6.973333333333334
        },
        "tune_time_s": 772.8959335000036
      },
      "32": {
        "best_params": {
          "quiet_frac": 0.35,
          "c_eps": 1.25,
          "sigma_eps": 5.629126418500445e-16,
          "pi0": 0.98,
          "p_fa_bin": 0.003
        },
        "best_score": -2.9380975065532398,
        "val_metrics": {
          "f1": 0.6071971616827168,
          "precision": 0.844851904090268,
          "recall": 0.47389240506329117,
          "mae_center_hz": 3472705.811769616,
          "mae_bw_hz": 1579288.125054826,
          "avg_n_true": 16.85333333333333,
          "avg_n_pred": 9.453333333333333
        },
        "tune_time_s": 709.6618967999966
      },
      "64": {
        "best_params": {
          "quiet_frac": 0.35,
          "c_eps": 0.6,
          "sigma_eps": 2.7019806808802134e-16,
          "pi0": 0.98,
          "p_fa_bin": 0.0003
        },
        "best_score": -0.8580043072197854,
        "val_metrics": {
          "f1": 0.6919831223628693,
          "precision": 0.6227848101265823,
          "recall": 0.7784810126582279,
          "mae_center_hz": 3094734.1050558942,
          "mae_bw_hz": 701677.6082487938,
          "avg_n_true": 16.85333333333333,
          "avg_n_pred": 21.066666666666666
        },
        "tune_time_s": 494.8059796000016
      }
    }
  },
  "welch_4096": {
    "train_time_s": 1019.3505479999949,
    "kernel_params": {
      "ell_short_hz": 2000.0000006685068,
      "ell_long_hz": 40002000.0000007,
      "a1": 0.0010000000000000002,
      "a2": 999.9999999999998,
      "sigma_eps": 4.461753165896831e-16
    },
    "R_results": {
      "8": {
        "best_params": {
          "quiet_frac": 0.35,
          "c_eps": 1.0,
          "sigma_eps": 4.461753165896831e-16,
          "pi0": 0.98,
          "p_fa_bin": 0.0003
        },
        "best_score": -12.822058686227418,
        "val_metrics": {
          "f1": 0.22097114707952142,
          "precision": 1.0,
          "recall": 0.12420886075949367,
          "mae_center_hz": 4566371.417197452,
          "mae_bw_hz": 8096421.379902339,
          "avg_n_true": 16.85333333333333,
          "avg_n_pred": 2.0933333333333333
        },
        "tune_time_s": 669.0095728000015
      },
      "12": {
        "best_params": {
          "quiet_frac": 0.25,
          "c_eps": 0.8,
          "sigma_eps": 3.5694025327174646e-16,
          "pi0": 0.95,
          "p_fa_bin": 0.0003
        },
        "best_score": -9.728946297299862,
        "val_metrics": {
          "f1": 0.3065595716198126,
          "precision": 0.9956521739130435,
          "recall": 0.18117088607594936,
          "mae_center_hz": 4395706.536572052,
          "mae_bw_hz": 5265687.7909535635,
          "avg_n_true": 16.85333333333333,
          "avg_n_pred": 3.066666666666667
        },
        "tune_time_s": 342.2991419000027
      },
      "16": {
        "best_params": {
          "quiet_frac": 0.25,
          "c_eps": 0.8,
          "sigma_eps": 3.5694025327174646e-16,
          "pi0": 0.98,
          "p_fa_bin": 0.0003
        },
        "best_score": -7.293783377486316,
        "val_metrics": {
          "f1": 0.385297845373891,
          "precision": 0.9681528662420382,
          "recall": 0.24050632911392406,
          "mae_center_hz": 3819114.2835115134,
          "mae_bw_hz": 3766311.561763376,
          "avg_n_true": 16.85333333333333,
          "avg_n_pred": 4.1866666666666665
        },
        "tune_time_s": 390.0684847999946
      },
      "24": {
        "best_params": {
          "quiet_frac": 0.35,
          "c_eps": 0.8,
          "sigma_eps": 3.5694025327174646e-16,
          "pi0": 0.98,
          "p_fa_bin": 0.0003
        },
        "best_score": -5.681007174835453,
        "val_metrics": {
          "f1": 0.5223289994347089,
          "precision": 0.9148514851485149,
          "recall": 0.36550632911392406,
          "mae_center_hz": 3282415.1109307357,
          "mae_bw_hz": 2252078.1457320624,
          "avg_n_true": 16.85333333333333,
          "avg_n_pred": 6.733333333333333
        },
        "tune_time_s": 398.80846459999884
      },
      "32": {
        "best_params": {
          "quiet_frac": 0.35,
          "c_eps": 0.8,
          "sigma_eps": 3.5694025327174646e-16,
          "pi0": 0.98,
          "p_fa_bin": 0.0003
        },
        "best_score": -4.010133100876239,
        "val_metrics": {
          "f1": 0.5890200102616726,
          "precision": 0.8379562043795621,
          "recall": 0.4541139240506329,
          "mae_center_hz": 3505688.901894599,
          "mae_bw_hz": 1677701.7264872333,
          "avg_n_true": 16.85333333333333,
          "avg_n_pred": 9.133333333333333
        },
        "tune_time_s": 407.18781450000097
      },
      "64": {
        "best_params": {
          "quiet_frac": 0.35,
          "c_eps": 0.6,
          "sigma_eps": 2.677051899538098e-16,
          "pi0": 0.98,
          "p_fa_bin": 0.0003
        },
        "best_score": -2.278579138660631,
        "val_metrics": {
          "f1": 0.6407624633431085,
          "precision": 0.5969945355191257,
          "recall": 0.6914556962025317,
          "mae_center_hz": 2726080.6993707092,
          "mae_bw_hz": 852171.8355613813,
          "avg_n_true": 16.85333333333333,